Workbook

Sheet Cover Sheet
A8: Cyber security
A9: Risk assessment guide
A10: The UTAS security procedure outlines a risk assessment as well as in preparation of any major events. This document can be used as records of conducting a security risk assessment, and a risk management action plan for identified risks.
A11: For a step by step guide to conducting a security risk assessment at your organisation.
C14: Business name | G14: Tanu Care
C15: Australia Business Number (ABN) | G15: 987654321012
C16: Completed by | G16: Parth Patel, Ravi Savani, Malay Prajapati, Md Khalil
C17: Date completed | G17: 45806
A19: The organisation security procedure requires Principals to conduct and document a security risk assessment at least once per year, with additional assessments as required.
A21: INSTRUCTIONS
A22: 1 | B22: Identify & Assess | D22: Information about the concept of identifying and assessing risks.
A23: 2 | B23: Risk Assessment | D23: Consider the likelihood and consequence for suggested common risks, secondary risks and any other identified school-specific risks
D24: Record the likelihood (as A, B, or C)
D25: Record the consequence (as 1, 2, or 3)
D26: The overall risk will be automatically calculated
D27: Record any current controls in place
D28: Make an assessment as to whether the current controls in place adequately address the overall risk.

Sheet Identify & Assess
A2: Risk assessment guide: Identify & assess
A5: An Overview of Risk Management
A9: Asset Valuation = Asset value X asset weight
A10: This is a method of assessing the worth of the organisation's information system assets based on its CIA security
A11: Asset weight = C+I+A | B11: Confidentiality | C11: Low (1) | F11: Medium (2) | I11: High (3)
B12: Integirty | C12: L (1) | D12: M(2) | E12: H(3) | F12: L (1) | G12: M(2) | H12: H(3) | I12: L (1) | J12: M(2) | K12: H(3)
A13: Availability | B13: Low (1) | C13: 3 | D13: 4 | E13: 5 | F13: 4 | G13: 5 | H13: 6 | I13: 5 | J13: 6 | K13: 7
B14: Medium (2) | C14: 4 | D14: 5 | E14: 6 | F14: 5 | G14: 6 | H14: 7 | I14: 6 | J14: 7 | K14: 7
B15: High (3) | C15: 5 | D15: 6 | E15: 7 | F15: 6 | G15: 7 | H15: 8 | I15: 7 | J15: 8 | K15: 9
A17: Examples of Calculating the Likelihood of an Event
A19: Level | B19: Descriptior | C19: Description | E19: Example
A20: High | B20: Almost Certain | C20: Expected to occur in most circumstances | E20: 76~100% chance of successful execise of threat during a one-year period
A21: Moderate | B21: Possible | C21: Might occur at some time | E21: 26~75% chance of successful execise of threat during a one-year period
A22: Low | B22: Rare | C22: May occur in exceptional circumstances | E22: 0-25% chance of successful execise of threat during a one-year period
A24: Overall Levels of Risk
A26: Threat Likelihood | B26: Impact
B27: Low | C27: Moderate | D27: High
A28: High | B28: Medium | C28: High | D28: High
A29: Moderate | B29: Low | C29: Medium | D29: High
A30: Low | B30: Low | C30: Low | D30: Medium
A36: Rating Combinations
A38: Possible Combinations
A39: A1 | B39: Almost Certain-Insignificant | C39: Medium
A40: A2 | B40: Almost Certain-Moderate | C40: High
A41: A3 | B41: Almost Certain-Critical | C41: High
A42: B1 | B42: Possible-Insignificant | C42: Low
A43: B2 | B43: Possible-Moderate | C43: Medium
A44: B3 | B44: Possible-Critical | C44: High
A45: C1 | B45: Rare-Insignificant | C45: Low
A46: C2 | B46: Rare-Moderate | C46: Low
A47: C3 | B47: Rare-Critical | C47: Medium

Sheet Risk Assessment
A1: Business Risk assessment for Cybersecurity
K2: Qualitative Risk Assessment | P2: Quantitative Risk Assessment
A3: Assets | C3: Value (V) | D3: Confidentiality | E3: Integrity | F3: Avaiilability | G3: Weighted Value (WV) | H3: Vulnerability | I3: Threats | J3: Controls currently in place (CC) | K3: Likelihood | L3: Impact | M3: Risk description | N3: Risk code | O3: Risk rating | P3: Probability that a vulnerability is exploited to threats (P) = Likelihood | Q3: Fraction of risk mitigated by current control (CC) | R3: Fraction of risk not fully known (uncertainty of knowledge) (UK) | S3: Risk rating by Extended Whitman’s Risk Formula R = WVxPx(1-CC+UK) | T3: Is action required to address the risk? | U3: Controls to implement
D4: 1. Low | E4: 1. Low | F4: 1. Low | K4: A. High (0.76 ~ 1) | L4: 1. Low
D5: 2. Moderate | E5: 2. Moderate | F5: 2. Moderate | K5: B. Moderate (0.26 ~ 0.75) | L5: 2. Moderate
D6: 3. High | E6: 3. High | F6: 3. High | K6: C. Low (0~0.25) | L6: 3. High | O6: High
D7: 0. not related | E7: 0. not related | F7: 0. not related | K7: Threat & Vulnerability & Control | L7: Asset & Threat | O7: Medium | P7: Threat & Vulnerability & Control
O8: Low
A9: Asset code | B9: List all identified assets | C9: Enter value (1 ~ 5) | D9: Enter weight (as 1,2 or 3) | E9: Enter weight (as 1,2 or 3) | F9: Enter weight (as 1,2 or 3) | G9: Auto-calculation (= V x (C + I + A)) | H9: Enter any possible vulnerabilities for each asset | I9: Enter any possible threats for each asset | J9: Record the controls currently in place to treat the identified risk | K9: Enter likelihood (as A,B or C) | L9: Enter Impact (as 1,2 or 3) | M9: Auto-calculation | N9: Auto-calculation | O9: Auto-calculation | P9: Enter likelihood (0.00 ~ 1.00) refernce Likelihood (K column) | Q9: Enter Fraction (0% ~ 100%) | R9: Enter How much your assumption is not accurate (0% ~ 100%) | S9: Auto-calculation | T9: If yes, complete Contols to implement | U9: Record proposed controls to implement in order to treat the identified risk
A10: H | B10: Hardware
A11: H1 | B11: HQ Servers | C11: 5 | D11: 3 | E11: 3 | F11: 3 | G11: =C11*(D11+E11+F11) -> 45 | H11: Unpatched OS and hypervisor | I11: Patch failure | J11: Manual updates, no patch automation | K11: A | L11: 3 | M11: =IF(N11="","",VLOOKUP(N11,'Identify & Assess'!$A$39:$C$47,2,FALSE)) -> Almost Certain-Critical | N11: =CONCATENATE(K11,L11) -> A3 | O11: =IF(N11="","Not Rated",VLOOKUP(M11,'Identify & Assess'!$B$39:$C$47,2,FALSE)) -> High | P11: 0.8 | Q11: 0.002 | R11: 0.003 | S11: =G11*P11*(1-Q11+R11) -> 36.036 | T11: Yes | U11: Automate patching and enable EDR
A12: H2 | B12: Robotics Lab Machines | C12: 5 | D12: 3 | E12: 3 | F12: 3 | G12: =C12*(D12+E12+F12) -> 45 | H12: Unauthorized firmware upload | I12: Insider threat | J12: Manual access logs only | K12: B | L12: 3 | M12: =IF(N12="","",VLOOKUP(N12,'Identify & Assess'!$A$39:$C$47,2,FALSE)) -> Possible-Critical | N12: =CONCATENATE(K12,L12) -> B3 | O12: =IF(N12="","Not Rated",VLOOKUP(M12,'Identify & Assess'!$B$39:$C$47,2,FALSE)) -> High | P12: 0.7 | Q12: 0.003 | R12: 0.003 | S12: =G12*P12*(1-Q12+R12) -> 31.5 | T12: Yes | U12: Enforce digital access control and code integrity checks
A13: H3 | B13: Customer-deployed CareBots | C13: 5 | D13: 3 | E13: 3 | F13: 3 | G13: =C13*(D13+E13+F13) -> 45 | H13: Firmware update over insecure channel | I13: IoT bot hijacking | J13: Encrypted MQTT, no signing | K13: A | L13: 3 | M13: =IF(N13="","",VLOOKUP(N13,'Identify & Assess'!$A$39:$C$47,2,FALSE)) -> Almost Certain-Critical | N13: =CONCATENATE(K13,L13) -> A3 | O13: =IF(N13="","Not Rated",VLOOKUP(M13,'Identify & Assess'!$B$39:$C$47,2,FALSE)) -> High | P13: 0.9 | Q13: 0.002 | R13: 0.003 | S13: =G13*P13*(1-Q13+R13) -> 40.5405 | T13: Yes | U13: Mandate OTA signing and rollback prevention
A14: H4 | B14: Mobile Devices for Field Staff | C14: 4 | D14: 3 | E14: 3 | F14: 2 | G14: =C14*(D14+E14+F14) -> 32 | H14: Unsecured lost devices | I14: Credential compromise | J14: Basic PINs, no wipe feature | K14: B | L14: 2 | M14: =IF(N14="","",VLOOKUP(N14,'Identify & Assess'!$A$39:$C$47,2,FALSE)) -> Possible-Moderate | N14: =CONCATENATE(K14,L14) -> B2 | O14: =IF(N14="","Not Rated",VLOOKUP(M14,'Identify & Assess'!$B$39:$C$47,2,FALSE)) -> Medium | P14: 0.5 | Q14: 0.003 | R14: 0.002 | S14: =G14*P14*(1-Q14+R14) -> 15.984 | T14: Yes | U14: MDM with auto-lock, remote wipe, MFA
A15: H5 | B15: CCTV and Access Control Systems | C15: 4 | D15: 2 | E15: 3 | F15: 2 | G15: =C15*(D15+E15+F15) -> 28 | H15: Default credentials and outdated firmware | I15: Surveillance feed hijack | J15: Minimal firmware update policy | K15: B | L15: 2 | M15: =IF(N15="","",VLOOKUP(N15,'Identify & Assess'!$A$39:$C$47,2,FALSE)) -> Possible-Moderate | N15: =CONCATENATE(K15,L15) -> B2 | O15: =IF(N15="","Not Rated",VLOOKUP(M15,'Identify & Assess'!$B$39:$C$47,2,FALSE)) -> Medium | P15: 0.6 | Q15: 0.003 | R15: 0.002 | S15: =G15*P15*(1-Q15+R15) -> 16.7832 | T15: Yes | U15: Update schedule and encrypted feeds
A16: S | B16: Software
A17: S1 | B17: TanuCare App and Backend APIs | C17: 5 | D17: 3 | E17: 3 | F17: 3 | G17: =C17*(D17+E17+F17) -> 45 | H17: Lack of rate-limiting on API endpoints | I17: Denial of service | J17: JWT tokens and TLS used | K17: B | L17: 3 | M17: =IF(N17="","",VLOOKUP(N17,'Identify & Assess'!$A$39:$C$47,2,FALSE)) -> Possible-Critical | N17: =CONCATENATE(K17,L17) -> B3 | O17: =IF(N17="","Not Rated",VLOOKUP(M17,'Identify & Assess'!$B$39:$C$47,2,FALSE)) -> High | P17: 0.7 | Q17: 0.003 | R17: 0.003 | S17: =G17*P17*(1-Q17+R17) -> 31.5 | T17: Yes | U17: Apply rate-limiting, WAF rules
A18: S2 | B18: Firmware for Robots | C18: 5 | D18: 3 | E18: 3 | F18: 3 | G18: =C18*(D18+E18+F18) -> 45 | H18: Debug ports left active | I18: Unauthorized firmware access | J18: Signed binaries, no runtime restrictions | K18: B | L18: 3 | M18: =IF(N18="","",VLOOKUP(N18,'Identify & Assess'!$A$39:$C$47,2,FALSE)) -> Possible-Critical | N18: =CONCATENATE(K18,L18) -> B3 | O18: =IF(N18="","Not Rated",VLOOKUP(M18,'Identify & Assess'!$B$39:$C$47,2,FALSE)) -> High | P18: 0.6 | Q18: 0.003 | R18: 0.003 | S18: =G18*P18*(1-Q18+R18) -> 27 | T18: Yes | U18: Disable debug ports in production
A19: S3 | B19: CI/CD and DevOps Infrastructure | C19: 4 | D19: 3 | E19: 3 | F19: 3 | G19: =C19*(D19+E19+F19) -> 36 | H19: Hardcoded credentials in deployment scripts | I19: Credential exposure | J19: Git version control, MFA | K19: B | L19: 2 | M19: =IF(N19="","",VLOOKUP(N19,'Identify & Assess'!$A$39:$C$47,2,FALSE)) -> Possible-Moderate | N19: =CONCATENATE(K19,L19) -> B2 | O19: =IF(N19="","Not Rated",VLOOKUP(M19,'Identify & Assess'!$B$39:$C$47,2,FALSE)) -> Medium | P19: 0.5 | Q19: 0.003 | R19: 0.002 | S19: =G19*P19*(1-Q19+R19) -> 17.982 | T19: Yes | U19: Secrets vaulting and CI checks
A20: S4 | B20: Third-party Integrated Systems (NDIS, Medicare) | C20: 4 | D20: 2 | E20: 2 | F20: 3 | G20: =C20*(D20+E20+F20) -> 28 | H20: Unverified vendor updates | I20: Third-party malware injection | J20: Signed APIs but no vendor audit | K20: B | L20: 2 | M20: =IF(N20="","",VLOOKUP(N20,'Identify & Assess'!$A$39:$C$47,2,FALSE)) -> Possible-Moderate | N20: =CONCATENATE(K20,L20) -> B2 | O20: =IF(N20="","Not Rated",VLOOKUP(M20,'Identify & Assess'!$B$39:$C$47,2,FALSE)) -> Medium | P20: 0.6 | Q20: 0.003 | R20: 0.002 | S20: =G20*P20*(1-Q20+R20) -> 16.7832 | T20: Yes | U20: Add vendor risk reviews and signed update checks
A21: S5 | B21: Office Productivity Tools | C21: 3 | D21: 2 | E21: 2 | F21: 2 | G21: =C21*(D21+E21+F21) -> 18 | H21: Macros enabled by default | I21: Malicious macro execution | J21: Basic antivirus installed | K21: B | L21: 2 | M21: =IF(N21="","",VLOOKUP(N21,'Identify & Assess'!$A$39:$C$47,2,FALSE)) -> Possible-Moderate | N21: =CONCATENATE(K21,L21) -> B2 | O21: =IF(N21="","Not Rated",VLOOKUP(M21,'Identify & Assess'!$B$39:$C$47,2,FALSE)) -> Medium | P21: 0.4 | Q21: 0.003 | R21: 0.002 | S21: =G21*P21*(1-Q21+R21) -> 7.1928 | T21: Yes | U21: Disable macros by policy, add sandboxing
A22: D | B22: Data | M22: =IF(N22="","",VLOOKUP(N22,'Identify & Assess'!#REF!,2,FALSE)) | N22: =CONCATENATE(K22,L22)
A23: D1 | B23: Client Health Data and NDIS Records | C23: 5 | D23: 3 | E23: 3 | F23: 2 | G23: =C23*(D23+E23+F23) -> 40 | H23: Data stored without encryption | I23: Data breach | J23: TLS in transit, nothing at rest | K23: A | L23: 3 | M23: =IF(N23="","",VLOOKUP(N23,'Identify & Assess'!$A$39:$C$47,2,FALSE)) -> Almost Certain-Critical | N23: =CONCATENATE(K23,L23) -> A3 | O23: =IF(N23="","Not Rated",VLOOKUP(M23,'Identify & Assess'!$B$39:$C$47,2,FALSE)) -> High | P23: 0.95 | Q23: 0.002 | R23: 0.003 | S23: =G23*P23*(1-Q23+R23) -> 38.038 | T23: Yes | U23: Enforce AES-256 at rest
A24: D2 | B24: Video/Audio Data from CareBots | C24: 4 | D24: 3 | E24: 2 | F24: 2 | G24: =C24*(D24+E24+F24) -> 28 | H24: Exposed media cache | I24: Privacy violation | J24: Live stream encrypted only | K24: A | L24: 3 | M24: =IF(N24="","",VLOOKUP(N24,'Identify & Assess'!$A$39:$C$47,2,FALSE)) -> Almost Certain-Critical | N24: =CONCATENATE(K24,L24) -> A3 | O24: =IF(N24="","Not Rated",VLOOKUP(M24,'Identify & Assess'!$B$39:$C$47,2,FALSE)) -> High | P24: 0.8 | Q24: 0.002 | R24: 0.003 | S24: =G24*P24*(1-Q24+R24) -> 22.4224 | T24: Yes | U24: Encrypt local recordings and audit logs
A25: D3 | B25: Internal Logs and Audit Trails | C25: 3 | D25: 2 | E25: 3 | F25: 2 | G25: =C25*(D25+E25+F25) -> 21 | H25: Logs not immutable | I25: Log tampering | J25: Central storage only | K25: B | L25: 2 | M25: =IF(N25="","",VLOOKUP(N25,'Identify & Assess'!$A$39:$C$47,2,FALSE)) -> Possible-Moderate | N25: =CONCATENATE(K25,L25) -> B2 | O25: =IF(N25="","Not Rated",VLOOKUP(M25,'Identify & Assess'!$B$39:$C$47,2,FALSE)) -> Medium | P25: 0.6 | Q25: 0.003 | R25: 0.002 | S25: =G25*P25*(1-Q25+R25) -> 12.5874 | T25: Yes | U25: Enable log immutability and SIEM alerts
A26: D4 | B26: Source Code Repositories | C26: 4 | D26: 3 | E26: 3 | F26: 2 | G26: =C26*(D26+E26+F26) -> 32 | H26: Access not segmented | I26: IP theft | J26: Private Git repo with MFA | K26: B | L26: 2 | M26: =IF(N26="","",VLOOKUP(N26,'Identify & Assess'!$A$39:$C$47,2,FALSE)) -> Possible-Moderate | N26: =CONCATENATE(K26,L26) -> B2 | O26: =IF(N26="","Not Rated",VLOOKUP(M26,'Identify & Assess'!$B$39:$C$47,2,FALSE)) -> Medium | P26: 0.5 | Q26: 0.003 | R26: 0.002 | S26: =G26*P26*(1-Q26+R26) -> 15.984 | T26: Yes | U26: Enforce role-based repo access
A27: D5 | B27: HR and Financial Records | C27: 4 | D27: 3 | E27: 2 | F27: 2 | G27: =C27*(D27+E27+F27) -> 28 | H27: Shared folders with weak ACLs | I27: Insider leak | J27: Spreadsheet encryption only | K27: B | L27: 2 | M27: =IF(N27="","",VLOOKUP(N27,'Identify & Assess'!$A$39:$C$47,2,FALSE)) -> Possible-Moderate | N27: =CONCATENATE(K27,L27) -> B2 | O27: =IF(N27="","Not Rated",VLOOKUP(M27,'Identify & Assess'!$B$39:$C$47,2,FALSE)) -> Medium | P27: 0.5 | Q27: 0.003 | R27: 0.002 | S27: =G27*P27*(1-Q27+R27) -> 13.986 | T27: Yes | U27: Isolate HR storage, apply access auditing
A28: B | B28: Business | M28: =IF(N28="","",VLOOKUP(N28,'Identify & Assess'!#REF!,2,FALSE)) | N28: =CONCATENATE(K28,L28)
A29: B1 | B29: Brand Reputation and Trust | C29: 5 | D29: 2 | E29: 3 | F29: 3 | G29: =C29*(D29+E29+F29) -> 40 | H29: No comms plan after breach | I29: Public confidence loss | J29: Internal templates only | K29: B | L29: 3 | M29: =IF(N29="","",VLOOKUP(N29,'Identify & Assess'!$A$39:$C$47,2,FALSE)) -> Possible-Critical | N29: =CONCATENATE(K29,L29) -> B3 | O29: =IF(N29="","Not Rated",VLOOKUP(M29,'Identify & Assess'!$B$39:$C$47,2,FALSE)) -> High | P29: 0.7 | Q29: 0.003 | R29: 0.003 | S29: =G29*P29*(1-Q29+R29) -> 28 | T29: Yes | U29: Implement breach comms strategy
A30: B2 | B30: Regulatory Compliance Status | C30: 5 | D30: 3 | E30: 3 | F30: 2 | G30: =C30*(D30+E30+F30) -> 40 | H30: Unmapped ACSC Essential Eight | I30: Non-compliance fines | J30: Manual review once/year | K30: B | L30: 3 | M30: =IF(N30="","",VLOOKUP(N30,'Identify & Assess'!$A$39:$C$47,2,FALSE)) -> Possible-Critical | N30: =CONCATENATE(K30,L30) -> B3 | O30: =IF(N30="","Not Rated",VLOOKUP(M30,'Identify & Assess'!$B$39:$C$47,2,FALSE)) -> High | P30: 0.6 | Q30: 0.003 | R30: 0.003 | S30: =G30*P30*(1-Q30+R30) -> 24 | T30: Yes | U30: Automate compliance mapping tool
A31: B3 | B31: Availability of Care Services | C31: 5 | D31: 1 | E31: 2 | F31: 3 | G31: =C31*(D31+E31+F31) -> 30 | H31: No API redundancy | I31: Service outage | J31: On-call failover, no auto-switch | K31: A | L31: 3 | M31: =IF(N31="","",VLOOKUP(N31,'Identify & Assess'!$A$39:$C$47,2,FALSE)) -> Almost Certain-Critical | N31: =CONCATENATE(K31,L31) -> A3 | O31: =IF(N31="","Not Rated",VLOOKUP(M31,'Identify & Assess'!$B$39:$C$47,2,FALSE)) -> High | P31: 0.85 | Q31: 0.002 | R31: 0.003 | S31: =G31*P31*(1-Q31+R31) -> 25.5255 | T31: Yes | U31: Add load balancers and auto-failover
A32: B4 | B32: Intellectual Property | C32: 4 | D32: 3 | E32: 3 | F32: 2 | G32: =C32*(D32+E32+F32) -> 32 | H32: Designs stored unprotected | I32: IP theft | J32: NDAs signed, but no watermarking | K32: B | L32: 2 | M32: =IF(N32="","",VLOOKUP(N32,'Identify & Assess'!$A$39:$C$47,2,FALSE)) -> Possible-Moderate | N32: =CONCATENATE(K32,L32) -> B2 | O32: =IF(N32="","Not Rated",VLOOKUP(M32,'Identify & Assess'!$B$39:$C$47,2,FALSE)) -> Medium | P32: 0.5 | Q32: 0.003 | R32: 0.002 | S32: =G32*P32*(1-Q32+R32) -> 15.984 | T32: Yes | U32: Add watermarking and IP access logging
A33: B5 | B33: Third-party Partner Relationships | C33: 4 | D33: 2 | E33: 2 | F33: 2 | G33: =C33*(D33+E33+F33) -> 24 | H33: Vendors not security-vetted | I33: Partner breach impact | J33: Signed SLAs only | K33: B | L33: 2 | M33: =IF(N33="","",VLOOKUP(N33,'Identify & Assess'!$A$39:$C$47,2,FALSE)) -> Possible-Moderate | N33: =CONCATENATE(K33,L33) -> B2 | O33: =IF(N33="","Not Rated",VLOOKUP(M33,'Identify & Assess'!$B$39:$C$47,2,FALSE)) -> Medium | P33: 0.6 | Q33: 0.003 | R33: 0.002 | S33: =G33*P33*(1-Q33+R33) -> 14.3856 | T33: Yes | U33: Implement vendor penetration testing
